{
  "model": {
    "type": "minecraft:range_dispatch",
    "property": "minecraft:custom_model_data",
    "index": 0,
    "scale": 1,
    "entries": [
      {
        "threshold": 1,
        "model": {
          "type": "minecraft:composite",
          "models": [
            {
              "type": "minecraft:model",
              "model": "stellarity:item/_particle/sweep/normal/2",
              "tints": [
                {
                  "type": "minecraft:custom_model_data",
                  "index": 0,
                  "default": 16777215
                }
              ]
            },
            {
              "type": "minecraft:model",
              "model": "stellarity:item/_particle/sweep/glow/2",
              "tints": [
                {
                  "type": "minecraft:custom_model_data",
                  "index": 1,
                  "default": 16777215
                }
              ]
            }
          ]
        }
      },
      {
        "threshold": 2,
        "model": {
          "type": "minecraft:composite",
          "models": [
            {
              "type": "minecraft:model",
              "model": "stellarity:item/_particle/sweep/normal/3",
              "tints": [
                {
                  "type": "minecraft:custom_model_data",
                  "index": 0,
                  "default": 16777215
                }
              ]
            },
            {
              "type": "minecraft:model",
              "model": "stellarity:item/_particle/sweep/glow/3",
              "tints": [
                {
                  "type": "minecraft:custom_model_data",
                  "index": 1,
                  "default": 16777215
                }
              ]
            }
          ]
        }
      },
      {
        "threshold": 3,
        "model": {
          "type": "minecraft:composite",
          "models": [
            {
              "type": "minecraft:model",
              "model": "stellarity:item/_particle/sweep/normal/4",
              "tints": [
                {
                  "type": "minecraft:custom_model_data",
                  "index": 0,
                  "default": 16777215
                }
              ]
            },
            {
              "type": "minecraft:model",
              "model": "stellarity:item/_particle/sweep/glow/4",
              "tints": [
                {
                  "type": "minecraft:custom_model_data",
                  "index": 1,
                  "default": 16777215
                }
              ]
            }
          ]
        }
      },
      {
        "threshold": 4,
        "model": {
          "type": "minecraft:composite",
          "models": [
            {
              "type": "minecraft:model",
              "model": "stellarity:item/_particle/sweep/normal/5",
              "tints": [
                {
                  "type": "minecraft:custom_model_data",
                  "index": 0,
                  "default": 16777215
                }
              ]
            },
            {
              "type": "minecraft:model",
              "model": "stellarity:item/_particle/sweep/glow/5",
              "tints": [
                {
                  "type": "minecraft:custom_model_data",
                  "index": 1,
                  "default": 16777215
                }
              ]
            }
          ]
        }
      },
      {
        "threshold": 5,
        "model": {
          "type": "minecraft:composite",
          "models": [
            {
              "type": "minecraft:model",
              "model": "stellarity:item/_particle/sweep/normal/6",
              "tints": [
                {
                  "type": "minecraft:custom_model_data",
                  "index": 0,
                  "default": 16777215
                }
              ]
            },
            {
              "type": "minecraft:model",
              "model": "stellarity:item/_particle/sweep/glow/6",
              "tints": [
                {
                  "type": "minecraft:custom_model_data",
                  "index": 1,
                  "default": 16777215
                }
              ]
            }
          ]
        }
      },
      {
        "threshold": 6,
        "model": {
          "type": "minecraft:composite",
          "models": [
            {
              "type": "minecraft:model",
              "model": "stellarity:item/_particle/sweep/normal/7",
              "tints": [
                {
                  "type": "minecraft:custom_model_data",
                  "index": 0,
                  "default": 16777215
                }
              ]
            },
            {
              "type": "minecraft:model",
              "model": "stellarity:item/_particle/sweep/glow/7",
              "tints": [
                {
                  "type": "minecraft:custom_model_data",
                  "index": 1,
                  "default": 16777215
                }
              ]
            }
          ]
        }
      },
      {
        "threshold": 7,
        "model": {
          "type": "minecraft:composite",
          "models": [
            {
              "type": "minecraft:model",
              "model": "stellarity:item/_particle/sweep/normal/8",
              "tints": [
                {
                  "type": "minecraft:custom_model_data",
                  "index": 0,
                  "default": 16777215
                }
              ]
            },
            {
              "type": "minecraft:model",
              "model": "stellarity:item/_particle/sweep/glow/8",
              "tints": [
                {
                  "type": "minecraft:custom_model_data",
                  "index": 1,
                  "default": 16777215
                }
              ]
            }
          ]
        }
      }
    ],
    "fallback": {
      "type": "minecraft:composite",
      "models": [
        {
          "type": "minecraft:model",
          "model": "stellarity:item/_particle/sweep/normal/1",
          "tints": [
            {
              "type": "minecraft:custom_model_data",
              "index": 0,
              "default": 16777215
            }
          ]
        },
        {
          "type": "minecraft:model",
          "model": "stellarity:item/_particle/sweep/glow/1",
          "tints": [
            {
              "type": "minecraft:custom_model_data",
              "index": 1,
              "default": 16777215
            }
          ]
        }
      ]
    }
  }
}
