{
  "model": {
    "type": "minecraft:range_dispatch",
    "property": "minecraft:custom_model_data",
    "index": 0,
    "scale": 1,
    "entries": [
      {
        "threshold": 1,
        "model": {
          "type": "minecraft:model",
          "model": "stellarity:item/_particle/prismatic_punch/fireball/2"
        }
      },
      {
        "threshold": 2,
        "model": {
          "type": "minecraft:model",
          "model": "stellarity:item/_particle/prismatic_punch/fireball/3"
        }
      },
      {
        "threshold": 3,
        "model": {
          "type": "minecraft:model",
          "model": "stellarity:item/_particle/prismatic_punch/fireball/4"
        }
      },
      {
        "threshold": 4,
        "model": {
          "type": "minecraft:model",
          "model": "stellarity:item/_particle/prismatic_punch/fireball/5"
        }
      },
      {
        "threshold": 5,
        "model": {
          "type": "minecraft:model",
          "model": "stellarity:item/_particle/prismatic_punch/fireball/6"
        }
      },
      {
        "threshold": 6,
        "model": {
          "type": "minecraft:model",
          "model": "stellarity:item/_particle/prismatic_punch/fireball/7"
        }
      },
      {
        "threshold": 7,
        "model": {
          "type": "minecraft:model",
          "model": "stellarity:item/_particle/prismatic_punch/fireball/8"
        }
      },
      {
        "threshold": 8,
        "model": {
          "type": "minecraft:model",
          "model": "stellarity:item/_particle/prismatic_punch/fireball/9"
        }
      }
    ],
    "fallback": {
      "type": "minecraft:model",
      "model": "stellarity:item/_particle/prismatic_punch/fireball/1"
    }
  }
}
